experiment_name,weighted_precision,weighted_recall,weighted_f1,macro_precision,macro_recall,macro_f1,f1_score,accuracy
new_epoch_10_batch_size_128_learningRate_0.001_filter_128_window_size_6_dropout_0.6_balanced_True_full_connected_256,0.25,0.5,0.3333333333333333,0.16666666666666666,0.3333333333333333,0.2222222222222222,0.2222222222222222,0.5
new_epoch_10_batch_size_128_learningRate_0.001_filter_128_window_size_6_dropout_0.6_balanced_True_full_connected_256,0.25,0.5,0.3333333333333333,0.16666666666666666,0.3333333333333333,0.2222222222222222,0.2222222222222222,0.5
new_epoch_10_batch_size_128_learningRate_0.001_filter_128_window_size_6_dropout_0.6_balanced_True_full_connected_256,0.25,0.5,0.3333333333333333,0.16666666666666666,0.3333333333333333,0.2222222222222222,0.2222222222222222,0.5
new_epoch_10_batch_size_128_learningRate_0.001_filter_128_window_size_6_dropout_0.6_balanced_True_full_connected_256,0.25,0.5,0.3333333333333333,0.16666666666666666,0.3333333333333333,0.2222222222222222,0.2222222222222222,0.5
